date,mood,journal_entry
2025-03-10,Anxious,Feeling nervous about upcoming meetings and deadlines.
2025-03-11,Happy,Had an amazing day full of laughter and joy.
2025-03-12,Neutral,It was just a regular day. Nothing special happened.
2025-03-13,Excited,Looking forward to the weekend adventure!
2025-03-14,Excited,Looking forward to the weekend adventure!
2025-03-15,Tired,"Could barely get out of bed today, just exhausted."
2025-03-16,Anxious,Feeling nervous about upcoming meetings and deadlines.
2025-03-17,Anxious,Feeling nervous about upcoming meetings and deadlines.
2025-03-18,Stressed,Overwhelmed with too many tasks and not enough time.
2025-03-19,Happy,Had an amazing day full of laughter and joy.
2025-03-20,Happy,Had an amazing day full of laughter and joy.
2025-03-21,Anxious,Feeling nervous about upcoming meetings and deadlines.
2025-03-22,Excited,Looking forward to the weekend adventure!
2025-03-23,Excited,Looking forward to the weekend adventure!
2025-03-24,Happy,Had an amazing day full of laughter and joy.
2025-03-25,Excited,Looking forward to the weekend adventure!
2025-03-26,Stressed,Overwhelmed with too many tasks and not enough time.
2025-03-27,Excited,Looking forward to the weekend adventure!
2025-03-28,Calm,Enjoyed a quiet evening with a book and tea.
2025-03-29,Neutral,It was just a regular day. Nothing special happened.
2025-03-30,Happy,Had an amazing day full of laughter and joy.
2025-03-31,Tired,"Could barely get out of bed today, just exhausted."
2025-04-01,Stressed,Overwhelmed with too many tasks and not enough time.
2025-04-02,Sad,Feeling down and unmotivated. Missing family.
2025-04-03,Neutral,It was just a regular day. Nothing special happened.
2025-04-04,Tired,"Could barely get out of bed today, just exhausted."
2025-04-05,Excited,Looking forward to the weekend adventure!
2025-04-06,Sad,Feeling down and unmotivated. Missing family.
2025-04-07,Anxious,Feeling nervous about upcoming meetings and deadlines.
2025-04-08,Anxious,Feeling nervous about upcoming meetings and deadlines.
